Achievements,AchievementID,int,NULL,NO,PRIMARY KEY,NULL,NULL,NULL
Achievements,AchievementName,nvarchar,100,NO,,NULL,NULL,NULL
Achievements,Description,nvarchar,255,NO,,NULL,NULL,NULL
Achievements,BadgeImageURL,nvarchar,255,NO,,NULL,NULL,NULL
Attendance,AttendanceID,int,NULL,NO,PRIMARY KEY,NULL,NULL,NULL
Attendance,TR,int,NULL,NO,,FK_Attendance_Master,Master,TR
Attendance,WeekID,int,NULL,NO,,FK_Attendance_AttendanceWeek,AttendanceWeek,WeekID
Attendance,IsPresent,bit,NULL,NO,,NULL,NULL,NULL
Attendance,CreatedAt,datetime,NULL,NO,,NULL,NULL,NULL
Attendance,Branch,nvarchar,50,NO,,NULL,NULL,NULL
Attendance,Gender,nvarchar,10,NO,,NULL,NULL,NULL
Attendance,OnLeave,bit,NULL,NO,,NULL,NULL,NULL
Attendance,OutTime,datetime,NULL,YES,,NULL,NULL,NULL
Attendance,DurationInMinutes,int,NULL,YES,,NULL,NULL,NULL
AttendanceWeek,WeekID,int,NULL,NO,PRIMARY KEY,NULL,NULL,NULL
AttendanceWeek,WeekStartDate,date,NULL,YES,,NULL,NULL,NULL
AttendanceWeek,WeekEndDate,date,NULL,YES,,NULL,NULL,NULL
BodyParts,BodyPartID,int,NULL,NO,PRIMARY KEY,NULL,NULL,NULL
BodyParts,Name,nvarchar,50,NO,,NULL,NULL,NULL
LeaveRequests,LeaveID,int,NULL,NO,PRIMARY KEY,NULL,NULL,NULL
LeaveRequests,TR,int,NULL,NO,,FK_LeaveRequests_Master,Master,TR
LeaveRequests,LeaveStartDate,date,NULL,NO,,NULL,NULL,NULL
LeaveRequests,LeaveEndDate,date,NULL,NO,,NULL,NULL,NULL
LeaveRequests,Reason,nvarchar,500,NO,,NULL,NULL,NULL
LeaveRequests,Status,nvarchar,20,NO,,NULL,NULL,NULL
LeaveRequests,RequestedAt,datetime,NULL,NO,,NULL,NULL,NULL
LeaveRequests,ReviewedBy,nvarchar,50,YES,,NULL,NULL,NULL
LeaveRequests,ReviewedAt,datetime,NULL,YES,,NULL,NULL,NULL
LeaveRequests,Remarks,nvarchar,500,YES,,NULL,NULL,NULL
Master,TR,int,NULL,NO,PRIMARY KEY,NULL,NULL,NULL
Master,Name,nvarchar,100,NO,,NULL,NULL,NULL
Master,Darajah,nvarchar,50,NO,,NULL,NULL,NULL
Master,Goal,nvarchar,50,NO,,NULL,NULL,NULL
Master,Branch,nvarchar,50,NO,,NULL,NULL,NULL
Master,Gender,nvarchar,10,NO,,NULL,NULL,NULL
Master,Status,nvarchar,20,YES,,NULL,NULL,NULL
Master,SlotID,int,NULL,YES,,FK__Master__SlotID__3493CFA7,Slots,SlotID
Master,JoinedAt,datetime,NULL,YES,,NULL,NULL,NULL
Master,BestStreak,int,NULL,NO,,NULL,NULL,NULL
Master,FitnessLevel,int,NULL,NO,,NULL,NULL,NULL
Master,CurrentXP,int,NULL,NO,,NULL,NULL,NULL
Master,Password,nvarchar,100,YES,,NULL,NULL,NULL
Master,HasLoggedInBefore,bit,NULL,NO,,NULL,NULL,NULL
Master,TotalMinutesLogged,int,NULL,NO,,NULL,NULL,NULL
Master,Height,decimal,NULL,YES,,NULL,NULL,NULL
PassBank,Username,varchar,50,NO,PRIMARY KEY,NULL,NULL,NULL
PassBank,Password,nvarchar,100,NO,,NULL,NULL,NULL
PassBank,Role,nvarchar,20,NO,,NULL,NULL,NULL
PassBank,Branch,nvarchar,50,NO,,NULL,NULL,NULL
PassBank,Gender,nvarchar,10,NO,,NULL,NULL,NULL
PassBank,IsDefaultPassword,bit,NULL,NO,,NULL,NULL,NULL
Slots,SlotID,int,NULL,NO,PRIMARY KEY,NULL,NULL,NULL
Slots,SlotName,nvarchar,50,NO,,NULL,NULL,NULL
Slots,MaxCapacity,int,NULL,NO,,NULL,NULL,NULL
Slots,Branch,nvarchar,50,NO,,NULL,NULL,NULL
Slots,Gender,nvarchar,10,NO,,NULL,NULL,NULL
Slots,IsActive,bit,NULL,YES,,NULL,NULL,NULL
StudentAchievements,StudentAchievementID,int,NULL,NO,PRIMARY KEY,NULL,NULL,NULL
StudentAchievements,TR,int,NULL,NO,,FK_StudentAchievements_Master,Master,TR
StudentAchievements,AchievementID,int,NULL,NO,,FK_StudentAchievements_Achievements,Achievements,AchievementID
StudentAchievements,DateEarned,datetime,NULL,NO,,NULL,NULL,NULL
StudentAchievements,Context,nvarchar,50,YES,,NULL,NULL,NULL
TestMaster,TR,int,NULL,NO,PRIMARY KEY,NULL,NULL,NULL
TestMaster,ITS,bigint,NULL,NO,,NULL,NULL,NULL
TestMaster,Darajah,nvarchar,50,YES,,NULL,NULL,NULL
TestMaster,Name,nvarchar,100,NO,,NULL,NULL,NULL
TestMaster,DOB,date,NULL,YES,,NULL,NULL,NULL
TestMaster,Branch,nvarchar,50,NO,,NULL,NULL,NULL
TestMaster,Gender,nvarchar,10,NO,,NULL,NULL,NULL
TestRecords,TestLog,int,NULL,NO,PRIMARY KEY,NULL,NULL,NULL
TestRecords,TR,int,NULL,YES,,FK__TestRecords__TR__76969D2E,TestMaster,TR
TestRecords,Weight,float,NULL,NO,,NULL,NULL,NULL
TestRecords,Height,float,NULL,NO,,NULL,NULL,NULL
TestRecords,Waist,float,NULL,NO,,NULL,NULL,NULL
TestRecords,Hips,float,NULL,NO,,NULL,NULL,NULL
TestRecords,Neck,float,NULL,NO,,NULL,NULL,NULL
TestRecords,BMI,float,NULL,NO,,NULL,NULL,NULL
TestRecords,BMIStatus,nvarchar,50,NO,,NULL,NULL,NULL
TestRecords,BodyFat,float,NULL,NO,,NULL,NULL,NULL
TestRecords,BMR,float,NULL,NO,,NULL,NULL,NULL
TestRecords,CalorieIntake,float,NULL,NO,,NULL,NULL,NULL
TestRecords,VO2Max,float,NULL,NO,,NULL,NULL,NULL
TestRecords,Total,float,NULL,NO,,NULL,NULL,NULL
TestRecords,Grade,nvarchar,2,NO,,NULL,NULL,NULL
TestRecords,CreatedAt,datetime,NULL,YES,,NULL,NULL,NULL
TestRecords,SubmittedBy,nvarchar,20,NO,,NULL,NULL,NULL
TestRecords,Branch,nvarchar,50,NO,,NULL,NULL,NULL
TestRecords,Gender,nvarchar,10,NO,,NULL,NULL,NULL
TrainingLog,LogID,int,NULL,NO,PRIMARY KEY,NULL,NULL,NULL
TrainingLog,PlanID,int,NULL,YES,,FK_TrainingLog_TrainingPlan,TrainingPlan,PlanID
TrainingLog,BodyPartID,int,NULL,YES,,FK__TrainingL__BodyP__3F115E1A,BodyParts,BodyPartID
TrainingPlan,PlanID,int,NULL,NO,PRIMARY KEY,NULL,NULL,NULL
TrainingPlan,TR,int,NULL,NO,,FK_TrainingPlan_Master,Master,TR
TrainingPlan,CreatedAt,datetime,NULL,NO,,NULL,NULL,NULL
TrainingPlan,Branch,nvarchar,50,NO,,NULL,NULL,NULL
TrainingPlan,Gender,nvarchar,10,NO,,NULL,NULL,NULL
WaitingList,WaitingID,int,NULL,NO,PRIMARY KEY,NULL,NULL,NULL
WaitingList,TR,nvarchar,50,YES,,NULL,NULL,NULL
WaitingList,Name,nvarchar,100,YES,,NULL,NULL,NULL
WaitingList,Darajah,nvarchar,50,YES,,NULL,NULL,NULL
WaitingList,Goal,nvarchar,100,YES,,NULL,NULL,NULL
WaitingList,Branch,nvarchar,50,YES,,NULL,NULL,NULL
WaitingList,Gender,nvarchar,10,YES,,NULL,NULL,NULL
WaitingList,RequestedAt,datetime,NULL,YES,,NULL,NULL,NULL
WaitingList,SlotID,int,NULL,YES,,NULL,NULL,NULL
WeightTracking,LogID,int,NULL,NO,PRIMARY KEY,NULL,NULL,NULL
WeightTracking,TR,int,NULL,NO,,FK_WeightTracking_Master,Master,TR
WeightTracking,Weight,decimal,NULL,NO,,NULL,NULL,NULL
WeightTracking,CreatedAt,datetime,NULL,YES,,NULL,NULL,NULL
WorkoutPlan,TR,int,NULL,YES,,FK_WorkoutPlan_Master,Master,TR
WorkoutPlan,Day,varchar,20,YES,,NULL,NULL,NULL
WorkoutPlan,Content,nvarchar,-1,YES,,NULL,NULL,NULL
WorkoutPlan,Branch,nvarchar,50,YES,,NULL,NULL,NULL
WorkoutPlan,Gender,nvarchar,50,YES,,NULL,NULL,NULL
WorkoutPlan,WeekID,int,NULL,YES,,FK_WorkoutPlan_AttendanceWeek,AttendanceWeek,WeekID
